"Product Name"," Product Code"," Expected"," Counted"
"COVER WITH PLEXI",AB100,0,
"BAMBO HOUSE 3 PIC SMALL",AB795,15,
"trophy office blue rectangle curve",ab054,10,
"trophy heart sub",ab141,20,
"trophy wood taj sub",ab085,1,
"trophy wood cadre rectangle",ab040,8,
"BAMBO A4 SENDIAN",AB783,7,
"trophy rectangle building",ab234,4,
"TROPHY KHASHAB RECTANGLE LEATHER",AB034,101,
"BAMBO CIRCLE MOON",AB808,11,
"trophy office maps leb crystal",ab114,29,
"trophy wood with cadre fiber",ab041,24,
"trophy crystal circle black base",ab089,30,
"trophy crystal black base gold",ab107,1,
"trophy crystal modalay rectangle sub",ab245,1,
"trophy crystal modalah circle",ab088,16,
"TROPHY WOOD",AB036,2,
"trophy office rectangle with 2 ball",ab051,5,
"trophy office baydawi with 2 ball",ab045,8,
"trophy mondial crystal",ab335,5,
"trophy office black baydawi",ab047,8,
"BAMBO A4 4 CIRCLE LARGE",AB786,5,
"BAMBO STAND OFFICE CLOCK",AB809,12,
"trophy crystal curve",ab094,24,
"port crystal",ab142,2,
"trophy wood box red inside",ab403,27,
"trophy wood gold medaly",ab043,29,
"trophy office shape king",ab053,7,
"trophy wood box",ab042,11,
"BAMBO 2 DOOR WITH 2 CIRCLE",AB794,6,
"BAMBO A5 4 CIRCLE SMALL",AB785,4,
"MD RECTANGLE",AB067,5,
"BAMBO STAND OFFICE  WITH PEN SAMPLE",AB804,3,
"BAMBO A3 SENDIAN",AB784,4,
"trophy box",ab404,23,
"trophy ball with rectangle crystal",ab333,9,
"trophy office blue",ab046,7,
"trophy office rectangle blue with 2 ball",ab055,6,
"trophy sub crystal amwaj",ab233,1,
"BAMBO A4 BROWN CURVES",AB800,4,
"trophy wood black L",ab038,16,
"BAMBO CIRCLE SUN",AB807,3,
"BAMBO STAND OFFICE WITH PEN CIRCLE",AB805,8,
"BAMBO HOUSE 1 PIC",AB792,3,
"trophy wood with cadr",ab039,17,
"trophy office curve with 2 ball",ab056,9,
"trophy rectangle crystal",ab096,27,
"trophy office modala3",ab057,22,
"cigaret xl rectangle",14571862,9,
"cigaret modala3",16926341,17,
"cigaret medium rectangle",87212469,12,
"cigaret modala3 large",39646285,19,
"MUG RED",10613687,2087,
"MUG YELLOW",06251799,180,
"MUG WHITE",73972066,108,
"MUG ORANGE",86732925,360,
"MUG GREEN",10862095,168,
"trophy circle gold",ab050,3,
"trophy circle modala3",23989514,3,
"trophy modala3 crystal shape",ab095,18,
"trophy heart small crystal",ab080,42,
"trophy rectangle modalah",ab093,13,
"trophy tamawoj crystal",ab098,2,
"trophy eye crystal",ab0100,5,
"TROPHY RECTANGLE",AB035,2,
"MUG iNGRIVE COLOR",62314341,290,
"MUG MAGIC RED",12763120,72,
"MUG BLACK HAND",AB0202,35,
"MUG RED HEART",52839679,35,
"MUG YELLOW HEART",19270358,131,
"BAMBO DOOR 2BALL",49833972,8,
"BOX LAYER WITH MIRROR",88122273,30,
"BAMBO A5 SNDEAN",73070349,4,
"STAND TEACHER LARGE",96502574,116,
"STAND TEACHER MEDIUM",19249382,95,
"STAND TEACHER SMALL",96231388,18,
"BAMBO GREEN BASE 2 DOOR",AB793,4,
"BAMBO HOUSE 4 PIC",AB787,3,
"BAMBO DOOR NAIL LARGE",AB790,9,
"WOOB BOX 2 DOOR KEY",58201633,58,
"cigaret large-rectangle",49972853,23,
"trophy sublimation heart with curve",ab079,4,
"puzzle a4",21034632,400,
"MD RECTANGLE A4 THIN",94968026,5,
"MD RECTANGLE CURVED",28955127,27,
"ROCK 10*10",AB120,37,
"CAP PINK",11602058,25,
"BAMBO CIRCLE",AB806,8,
"BAMBO 3 LAYER  A5",AB798,3,
bambo,13042099,62,
"bambo house 2pic",00099272,3,
"box wood",70738094,140,
"farame wood",70199191,13,
"cap blue",34167523,37,
"moon 10*10 cm",04323910,43,
"ACC 145",30067315,620,
"trophy madelya",03518594,51,
"glass farme with light heart RED",04498027,46,
"puzzle a5",96372404,500,
"buttle glasse flower",35412097,119,
"trophy wood black S",AB037,19,
Twister,68602155,1,
Uno,04356031,15,
"kitchen tools(men2ara)",80699125,13,
shetrang,75363390,22,
"family game",93096781,12,
monopoly,61680210,11,
"bambo kitchen tools",37068821,53,
dominoes,89870225,1,
"tools kitchen",90029836,19,
raket,21322090,1,
"heart box L",31760156,12,
"HEART BOX S",24368236,10,
"wara2 doller",10512934,53,
"beterfly rectangel 15",31202138,15,
"betterfly 8",69047013,13,
"T-SHIRT LEB BLACK SMALL ROUND",26201389,448,
"T-SHIRT LEB BLACK XLARGE ROUND",53250670,97,
"T-SHIRT LEB BLACK XXL ROUND",25003991,509,
"T-SHIRT LEB BLACK Small V",05283746,267,
"T-SHIRT LEB BLACK XL V",33113492,71,
"T-SHIRT LEB BLACK 2XL V",32178890,77,
"T-SHIRT LEB BLACK XXXL ROUND",75029948,177,
"T-SHIRT LEB BLACK Rounded 4XL",23124278,109,
"T-SHIRT LEB BLACK Large V",63102723,182,
"T-SHIRT BLACK 4Y",T6,18,
"T-SHIRT BLACK 6 Y",63008149,21,
"T-SHIRT BLACK 10Y",T1,18,
"T-SHIRT BLACK 8 Y",32282405,12,
"T-SHIRT BLACK 12Y",T2,18,
"T-SHIRT BLACK 16Y",T4,25,
"T-SHIRT SYR WHITE SMALL ROUND",18353982,118,
"T-SHIRT SYR WHITE LARGE ROUND",14189920,220,
"T-SHIRT SYR WHITE XL ROUND",42936288,533,
"T-SHIRT SYR WHITE XXL ROUND",43372654,340,
"T-SHIRT WEB WHITE SMALL ROUND",98954821,211,
"t-shirt web white medium ROUND",09631285,254,
"t-shirt web white large ROUND",51327631,325,
"T-SHIRT WEB WHITE XL ROUND",86020508,351,
"T-SHIRT WEB WHITE XXL ROUND",47202907,272,
"T-SHIRT WEB WHITE XXXL ROUND",94204978,225,
"T-SHIRT WEB WHITE XXXXL ROUND",67320281,430,
"T-SHIRT WEB WHITE SMALL V",11190229,74,
"T-SHIRT WEB WHITE LARGE V",49023076,108,
"T-SHIRT WEB WHITE XL V",70310479,118,
"T-SHIRT WEB WHITE XXL V",93582021,90,
"T-SHIRT WEB WHITE XXXL V",65121795,113,
"T-SHIRT WEB WHITE XXXXL V",56428308,122,
"T-SHIRT LEB WHITE SMALL ROUND",AB1020,613,
"T-SHIRT LEB WHITE MEDIUM ROUND",AB1022,868,
"T-SHIRT LEB WHITE LARGE ROUND",AB1023,660,
"T-SHIRT LEB WHITE XL ROUND",AB1024,305,
"T-SHIRT LEB WHITE XXL ROUND",AB1025,411,
"T-SHIRT WHITE 16Y",T13,144,
"T-SHIRT LEB WHITE SMALL V",41170931,36,
"T-SHIRT LEB WHITE LARGE V",38011260,188,
"T-SHIRT LEB WHITE XL V",20096110,347,
"T-SHIRT LEB WHITE XXL V",99723100,244,
"T-SHIRT LEB WHITE XXXL V",99026713,78,
"T-SHIRT WEB BLACK rounded S",80279798,170,
"T-SHIRT WEB BLACK rounded M",28469719,170,
"T-SHIRT WEB BLACK rounded L",60199117,321,
"T-SHIRT WEB BLACK rounded XL",58662372,297,
"T-SHIRT WEB BLACK rounded 2XL",80911176,259,
"T-SHIRT WEB BLACK rounded 3XL",36259088,318,
"T-SHIRT WEB BLACK rounded 4XL",83966230,199,
"T-SHIRT WEB BLACK SMALL V",30822569,47,
"T-SHIRT WEB BLACK LARGE V",36410731,74,
"T-SHIRT WEB BLACK XL V",89072487,93,
"T-SHIRT WEB BLACK XXL V",20784024,122,
"T-SHIRT WEB BLACK XXXL V",20159017,150,
"T-SHIRT WEB BLACK XXXXL V",58299097,98,
"SHISHA PIPE",83792724,50,
"HOODI BLACK MEDIUM",50392142,256,
"HOODI BLACK SMALL",22152905,144,
"HOODI BLACK XL",93961508,20,
"shesha nabreg kobra",03392950,10,
Box,52202341,5200,
"MUG MAGIC BLACK",01538124,324,
"ROCK 20*20",AB123,180,
